mes,tecnologia,GWh
2018-01,biogas,3.815942567
2018-01,biomasa,2.591741873
2018-01,eolica,4.288491776
2018-01,fotovoltaica,3.065790669
2018-01,hidroelectrica,1894.515207958
2018-01,termica,310.043893118
2018-01,total,2218.321067961
2018-02,biogas,3.783991052
2018-02,biomasa,0.0
2018-02,eolica,1.900863193
2018-02,fotovoltaica,2.79768887
2018-02,hidroelectrica,1575.9669763559998
2018-02,termica,318.601137776
2018-02,total,1903.050657247
2018-03,biogas,3.501385066
2018-03,biomasa,0.0
2018-03,eolica,5.061840698
2018-03,fotovoltaica,3.1293533889999985
2018-03,hidroelectrica,1635.424401563
2018-03,termica,481.8288620290001
2018-03,total,2128.945842745
2018-04,biogas,4.086685263000001
2018-04,biomasa,0.0
2018-04,eolica,4.969720796
2018-04,fotovoltaica,3.14859484
2018-04,hidroelectrica,1804.9613564680008
2018-04,termica,307.0845454899999
2018-04,total,2124.2509028570007
2018-05,biogas,3.899805828
2018-05,biomasa,0.0
2018-05,eolica,5.429163065
2018-05,fotovoltaica,2.703513468000001
2018-05,hidroelectrica,1864.4619525650005
2018-05,termica,269.259264722
2018-05,total,2145.7536996480003
2018-06,biogas,3.789814482
2018-06,biomasa,9.528017077
2018-06,eolica,9.462890662
2018-06,fotovoltaica,2.576827965
2018-06,hidroelectrica,1740.7454951920006
2018-06,termica,210.396377573
2018-06,total,1976.4994229510007
2018-07,biogas,3.903599907
2018-07,biomasa,31.521456406
2018-07,eolica,10.346503921
2018-07,fotovoltaica,2.6778907250000006
2018-07,hidroelectrica,1737.972407468
2018-07,termica,216.653559221
2018-07,total,2003.075417648
2018-08,biogas,3.922681835
2018-08,biomasa,31.089309829
2018-08,eolica,11.01141097
2018-08,fotovoltaica,2.930488668
2018-08,hidroelectrica,1738.154226523
2018-08,termica,239.245351481
2018-08,total,2026.353469306
2018-09,biogas,3.405181952
2018-09,biomasa,39.236932209
2018-09,eolica,8.382118551
2018-09,fotovoltaica,2.949575962
2018-09,hidroelectrica,1718.5161766109998
2018-09,termica,232.82035429099992
2018-09,total,2005.3103395759997
2018-10,biogas,3.5153096180000003
2018-10,biomasa,41.152130231
2018-10,eolica,2.993079288
2018-10,fotovoltaica,2.943305657
2018-10,hidroelectrica,1434.2102515500007
2018-10,termica,511.5110418629999
2018-10,total,1996.3251182070007
2018-11,biogas,3.896554404
2018-11,biomasa,40.854292589
2018-11,eolica,2.071917516
2018-11,fotovoltaica,2.6784004930000003
2018-11,hidroelectrica,1523.9477413020006
2018-11,termica,422.5424964690001
2018-11,total,1995.9914027730008
2018-12,biogas,3.89489886
2018-12,biomasa,26.04640668
2018-12,eolica,6.575110393
2018-12,fotovoltaica,2.9525114329999997
2018-12,hidroelectrica,1854.1314717170003
2018-12,termica,253.589538079
2018-12,total,2147.189937162
2019-01,biogas,3.706112812
2019-01,biomasa,1.998960186
2019-01,eolica,6.524360046
2019-01,fotovoltaica,2.9484846970000005
2019-01,hidroelectrica,2017.6113450909995
2019-01,termica,261.5619429930001
2019-01,total,2294.351205825
2019-02,biogas,3.187065037
2019-02,biomasa,0.0
2019-02,eolica,4.591503757
2019-02,fotovoltaica,2.649266347
2019-02,hidroelectrica,1991.4333453660008
2019-02,termica,220.5981444260001
2019-02,total,2222.4593249330005
2019-03,biogas,3.504330867
2019-03,biomasa,0.0
2019-03,eolica,6.209977011
2019-03,fotovoltaica,3.0690916699999997
2019-03,hidroelectrica,2180.149035197001
2019-03,termica,253.380600524
2019-03,total,2446.313035269001
2019-04,biogas,3.485809281
2019-04,biomasa,0.0
2019-04,eolica,4.842421859
2019-04,fotovoltaica,2.992356487000001
2019-04,hidroelectrica,2132.031652552
2019-04,termica,219.62495366599995
2019-04,total,2362.9771938449994
2019-05,biogas,3.2463038460000004
2019-05,biomasa,0.0
2019-05,eolica,4.9343426
2019-05,fotovoltaica,2.722046401
2019-05,hidroelectrica,2185.715603423999
2019-05,termica,222.748233261
2019-05,total,2419.366529531999
2019-06,biogas,3.441998729
2019-06,biomasa,6.584879342
2019-06,eolica,8.73805301
2019-06,fotovoltaica,2.4446415099999994
2019-06,hidroelectrica,1983.365720945
2019-06,termica,219.395261964
2019-06,total,2223.9705555
2019-07,biogas,3.58046855
2019-07,biomasa,37.572234529
2019-07,eolica,9.679084869
2019-07,fotovoltaica,2.720021360000001
2019-07,hidroelectrica,1931.230465548
2019-07,termica,253.968936945
2019-07,total,2238.751211801
2019-08,biogas,3.649683197
2019-08,biomasa,44.277727647
2019-08,eolica,11.486168135
2019-08,fotovoltaica,2.902974382
2019-08,hidroelectrica,1969.230055255
2019-08,termica,246.45160426800004
2019-08,total,2277.998212884
2019-09,biogas,3.826052087
2019-09,biomasa,44.176286049000005
2019-09,eolica,8.799033206
2019-09,fotovoltaica,2.943239568
2019-09,hidroelectrica,1882.962495815999
2019-09,termica,246.96266372500003
2019-09,total,2189.6697704509997
2019-10,biogas,3.0306002550000004
2019-10,biomasa,39.483575561
2019-10,eolica,5.310812036000001
2019-10,fotovoltaica,2.48819367
2019-10,hidroelectrica,1888.8463232769996
2019-10,termica,245.32018559500003
2019-10,total,2184.479690393999
2019-11,biogas,3.4559487570000003
2019-11,biomasa,39.877637289000006
2019-11,eolica,3.284191338
2019-11,fotovoltaica,2.474714244
2019-11,hidroelectrica,2097.8455200779995
2019-11,termica,135.04778534299993
2019-11,total,2281.9857970489998
2019-12,biogas,2.940091831
2019-12,biomasa,36.134835088
2019-12,eolica,4.254836549999999
2019-12,fotovoltaica,2.6019215689999995
2019-12,hidroelectrica,2199.0304132530005
2019-12,termica,140.62656784300003
2019-12,total,2385.5886661340005
2020-01,biogas,3.283397399
2020-01,biomasa,8.027272626
2020-01,eolica,5.154891582
2020-01,fotovoltaica,2.836844021
2020-01,hidroelectrica,2278.429051616002
2020-01,termica,194.199921994
2020-01,total,2491.931379238002
2020-02,biogas,3.1061132650000003
2020-02,biomasa,0.556540932
2020-02,eolica,5.1529540240000005
2020-02,fotovoltaica,2.553130346
2020-02,hidroelectrica,2097.990830197
2020-02,termica,221.40168903
2020-02,total,2330.761257794
2020-03,biogas,3.2907117230000003
2020-03,biomasa,0.0
2020-03,eolica,4.084503073
2020-03,fotovoltaica,2.9591769699999992
2020-03,hidroelectrica,2053.2653985370007
2020-03,termica,185.884235574
2020-03,total,2249.4840258770005
2020-04,biogas,4.031339045
2020-04,biomasa,0.0
2020-04,eolica,5.545694259999999
2020-04,fotovoltaica,2.831492226000001
2020-04,hidroelectrica,1944.049574333
2020-04,termica,133.650042577
2020-04,total,2090.1081424409995
2020-05,biogas,3.3989143710000005
2020-05,biomasa,0.0
2020-05,eolica,6.680713782
2020-05,fotovoltaica,2.755994576
2020-05,hidroelectrica,2113.786472646
2020-05,termica,134.69835388399997
2020-05,total,2261.3204492590003
2020-06,biogas,3.664729863
2020-06,biomasa,6.363279861
2020-06,eolica,7.370814332
2020-06,fotovoltaica,2.562617295
2020-06,hidroelectrica,2100.883146855
2020-06,termica,139.78565468700003
2020-06,total,2260.6302428930003
2020-07,biogas,4.102444
2020-07,biomasa,37.245297719
2020-07,eolica,6.932463215
2020-07,fotovoltaica,2.464578507
2020-07,hidroelectrica,2087.896510669
2020-07,termica,148.98529939400007
2020-07,total,2287.626593504
2020-08,biogas,4.103577823
2020-08,biomasa,43.653598296000006
2020-08,eolica,8.174795966
2020-08,fotovoltaica,3.082464997000001
2020-08,hidroelectrica,2017.307557649
2020-08,termica,147.31666136400003
2020-08,total,2223.6386560949995
2020-09,biogas,3.804941755
2020-09,biomasa,39.423555567
2020-09,eolica,7.694289712000001
2020-09,fotovoltaica,2.774535059
2020-09,hidroelectrica,1955.6294563569995
2020-09,termica,117.50055624
2020-09,total,2126.82733469
2020-10,biogas,3.599754267
2020-10,biomasa,41.578665309
2020-10,eolica,7.586765978
2020-10,fotovoltaica,3.015810988
2020-10,hidroelectrica,1991.211961842
2020-10,termica,194.744851696
2020-10,total,2241.73781008
2020-11,biogas,3.648761312
2020-11,biomasa,43.341922191
2020-11,eolica,3.110035541
2020-11,fotovoltaica,3.038400333
2020-11,hidroelectrica,1547.278578527999
2020-11,termica,333.04573149899994
2020-11,total,1933.4634294039988
2020-12,biogas,2.481570266
2020-12,biomasa,34.027561027000004
2020-12,eolica,2.9973767280000003
2020-12,fotovoltaica,2.766538896
2020-12,hidroelectrica,1980.9301433939995
2020-12,termica,208.431503779
2020-12,total,2231.63469409
2021-01,biogas,3.428780251
2021-01,biomasa,0.478089603
2021-01,eolica,4.250703082
2021-01,fotovoltaica,2.943998909
2021-01,hidroelectrica,2109.899821133999
2021-01,termica,153.294239358
2021-01,total,2274.295632336999
2021-02,biogas,3.249759742
2021-02,biomasa,0.0
2021-02,eolica,3.2974373050000003
2021-02,fotovoltaica,2.728146183
2021-02,hidroelectrica,1985.842478439999
2021-02,termica,140.605742315
2021-02,total,2135.723563984999
2021-03,biogas,3.584010159
2021-03,biomasa,0.0
2021-03,eolica,2.44446677
2021-03,fotovoltaica,3.111027162
2021-03,hidroelectrica,2412.777114341
2021-03,termica,129.55662461800006
2021-03,total,2551.47324305
2021-04,biogas,3.434670793
2021-04,biomasa,0.0
2021-04,eolica,5.082420582
2021-04,fotovoltaica,2.9911386509999995
2021-04,hidroelectrica,2355.8235850490014
2021-04,termica,121.062339331
2021-04,total,2488.3941544060017
2021-05,biogas,4.038261704
2021-05,biomasa,0.0
2021-05,eolica,5.967471936
2021-05,fotovoltaica,2.6673518930000006
2021-05,hidroelectrica,2163.536565427
2021-05,termica,133.052180952
2021-05,total,2309.261831912
2021-06,biogas,2.747624967
2021-06,biomasa,8.402710627000001
2021-06,eolica,5.736352622999999
2021-06,fotovoltaica,2.406945023
2021-06,hidroelectrica,2042.4824107650013
2021-06,termica,133.280791485
2021-06,total,2195.056835490001
2021-07,biogas,4.074244079
2021-07,biomasa,35.24016914399999
2021-07,eolica,9.517775542
2021-07,fotovoltaica,2.781244213
2021-07,hidroelectrica,2061.4563725800003
2021-07,termica,134.62569413300002
2021-07,total,2247.695499691
2021-08,biogas,3.491901187
2021-08,biomasa,35.452502197
2021-08,eolica,7.365910055
2021-08,fotovoltaica,2.703107783999999
2021-08,hidroelectrica,2077.713926117
2021-08,termica,129.890228275
2021-08,total,2256.617575615
2021-09,biogas,3.457491016
2021-09,biomasa,33.291120591
2021-09,eolica,7.974394803999999
2021-09,fotovoltaica,2.789864602
2021-09,hidroelectrica,1861.02350719942
2021-09,termica,161.7865362999827
2021-09,total,2070.322914512403
2021-10,biogas,3.246449742
2021-10,biomasa,36.228567984
2021-10,eolica,3.767169318
2021-10,fotovoltaica,2.786465895
2021-10,hidroelectrica,1935.17785553903
2021-10,termica,249.04684566702065
2021-10,total,2230.2533541450507
2021-11,biogas,3.3009469170000005
2021-11,biomasa,36.452156593000005
2021-11,eolica,1.107850746
2021-11,fotovoltaica,2.66697552
2021-11,hidroelectrica,2085.9122450933355
2021-11,termica,136.62194183900678
2021-11,total,2266.0621167083423
2021-12,biogas,2.775071923
2021-12,biomasa,25.950058556999995
2021-12,eolica,2.566512861
2021-12,fotovoltaica,2.699116916
2021-12,hidroelectrica,2290.532499420047
2021-12,termica,168.06959228500762
2021-12,total,2492.5928519620547
2022-01,biogas,2.4366858220000003
2022-01,biomasa,3.132896659
2022-01,eolica,3.07668705
2022-01,fotovoltaica,2.914573516
2022-01,hidroelectrica,2005.334430687857
2022-01,termica,364.4807000198725
2022-01,total,2381.37597375473
2022-02,biogas,2.57531521
2022-02,biomasa,0.0
2022-02,eolica,1.787849602
2022-02,fotovoltaica,2.633035529
2022-02,hidroelectrica,1808.6272150554437
2022-02,termica,368.7041779519464
2022-02,total,2184.32759334839
2022-03,biogas,3.074424452
2022-03,biomasa,0.0
2022-03,eolica,1.764503174
2022-03,fotovoltaica,3.02007462
2022-03,hidroelectrica,2334.070015426139
2022-03,termica,224.78610475293735
2022-03,total,2566.715122425076
2022-04,biogas,2.9307704450000003
2022-04,biomasa,0.0
2022-04,eolica,4.750201675
2022-04,fotovoltaica,2.888787789
2022-04,hidroelectrica,2254.9323168159485
2022-04,termica,232.33007507701024
2022-04,total,2497.832151801959
2022-05,biogas,3.770478404
2022-05,biomasa,0.000301065
2022-05,eolica,6.3068364390000005
2022-05,fotovoltaica,2.671083767
2022-05,hidroelectrica,2308.465625329699
2022-05,termica,168.793024914996
2022-05,total,2490.0073499196947
2022-06,biogas,3.088439212
2022-06,biomasa,8.040691832
2022-06,eolica,4.753020766
2022-06,fotovoltaica,2.3688390699999995
2022-06,hidroelectrica,2078.3943376256216
2022-06,termica,141.61687431401688
2022-06,total,2238.2622028196383
2022-07,biogas,3.52603892
2022-07,biomasa,36.094657935
2022-07,eolica,7.049516304
2022-07,fotovoltaica,2.47402502
2022-07,hidroelectrica,2169.0907781746287
2022-07,termica,131.52689239501922
2022-07,total,2349.761908748648
2022-08,biogas,3.790233753
2022-08,biomasa,35.961700535000006
2022-08,eolica,7.314421966
2022-08,fotovoltaica,2.696043592
2022-08,hidroelectrica,2181.1960666716923
2022-08,termica,159.03729042193453
2022-08,total,2389.9957569396265
2022-09,biogas,3.791547628
2022-09,biomasa,35.059790592
2022-09,eolica,5.75248462
2022-09,fotovoltaica,2.8491140889999995
2022-09,hidroelectrica,2035.458080498938
2022-09,termica,248.41865746408885
2022-09,total,2331.329674892027
2022-10,biogas,3.954093353
2022-10,biomasa,33.598189444000006
2022-10,eolica,3.662774638
2022-10,fotovoltaica,2.817341474
2022-10,hidroelectrica,1883.188670928459
2022-10,termica,379.4407011271687
2022-10,total,2306.661770964628
2022-11,biogas,3.6333194
2022-11,biomasa,30.787690684
2022-11,eolica,3.623673602
2022-11,fotovoltaica,2.897163367
2022-11,hidroelectrica,1758.375788311632
2022-11,termica,390.5030956988389
2022-11,total,2189.8207310634707
2022-12,biogas,3.491700449
2022-12,biomasa,13.006458824
2022-12,eolica,7.159381088994829
2022-12,fotovoltaica,2.924122647
2022-12,hidroelectrica,1682.404654570563
2022-12,termica,583.7128704651266
2022-12,total,2292.6991880446844
2023-01,biogas,3.719878001
2023-01,biomasa,0.0
2023-01,eolica,9.756319467977695
2023-01,fotovoltaica,2.981293915
2023-01,hidroelectrica,1609.8393893173943
2023-01,termica,645.5816205239477
2023-01,total,2271.87850122532
2023-02,biogas,3.301591016
2023-02,biomasa,0.0
2023-02,eolica,12.321481643013502
2023-02,fotovoltaica,2.672189389
2023-02,hidroelectrica,1597.8683475952107
2023-02,termica,541.0476423080107
2023-02,total,2157.2112519512348
2023-03,biogas,3.4523957050000003
2023-03,biomasa,0.0
2023-03,eolica,12.017116327054188
2023-03,fotovoltaica,3.088654392
2023-03,hidroelectrica,2383.4495677380323
2023-03,termica,241.3398951279812
2023-03,total,2643.347629290068
2023-04,biogas,2.953253144
2023-04,biomasa,0.0
2023-04,eolica,10.845503345000711
2023-04,fotovoltaica,2.99345468
2023-04,hidroelectrica,2388.752498747694
2023-04,termica,202.76460528108703
2023-04,total,2608.309315197782
2023-05,biogas,2.842973233
2023-05,biomasa,0.0
2023-05,eolica,16.978509956956625
2023-05,fotovoltaica,2.9496756
2023-05,hidroelectrica,2665.950681933008
2023-05,termica,208.3020712100357
2023-05,total,2897.0239119330004
2023-06,biogas,3.104116281
2023-06,biomasa,0.8287802360000001
2023-06,eolica,24.082298211958097
2023-06,fotovoltaica,2.775262933
2023-06,hidroelectrica,2550.7819391883554
2023-06,termica,177.7444344710077
2023-06,total,2759.316831321321
2023-07,biogas,3.148184837
2023-07,biomasa,7.394634040999999
2023-07,eolica,26.68941668897181
2023-07,fotovoltaica,2.844897692
2023-07,hidroelectrica,2649.05761776242
2023-07,termica,169.78183940303165
2023-07,total,2858.916590424423
2023-08,biogas,3.5099004380000003
2023-08,biomasa,31.170355168
2023-08,eolica,23.937674665998784
2023-08,fotovoltaica,3.029926522
2023-08,hidroelectrica,2354.8804667741706
2023-08,termica,266.9962444840638
2023-08,total,2683.524568052233
2023-09,biogas,2.717614457
2023-09,biomasa,39.562475541
2023-09,eolica,22.664366619073263
2023-09,fotovoltaica,3.076728958
2023-09,hidroelectrica,1807.042250285363
2023-09,termica,491.1042804317828
2023-09,total,2366.167716292219
2023-10,biogas,2.725424878
2023-10,biomasa,39.743047386
2023-10,eolica,16.375953243068256
2023-10,fotovoltaica,2.8147842750000005
2023-10,hidroelectrica,1781.581064537405
2023-10,termica,650.5555535025574
2023-10,total,2493.7958278220303
2023-11,biogas,2.557446059
2023-11,biomasa,39.841441198
2023-11,eolica,14.56663292687606
2023-11,fotovoltaica,2.7432587230000007
2023-11,hidroelectrica,1566.585421328747
2023-11,termica,717.7203916322752
2023-11,total,2344.014591867898
2023-12,biogas,2.968430766
2023-12,biomasa,26.719020955
2023-12,eolica,13.247898137084649
2023-12,fotovoltaica,2.765337869000001
2023-12,hidroelectrica,1861.90677772762
2023-12,termica,591.2078240519842
2023-12,total,2498.8152895066883
2024-01,biogas,2.824394888
2024-01,biomasa,1.188094682
2024-01,eolica,14.544714294944022
2024-01,fotovoltaica,2.850863747999999
2024-01,hidroelectrica,2179.000048467984
2024-01,termica,496.1747204523065
2024-01,total,2696.5828365332345
2024-02,biogas,2.8865451769999995
2024-02,biomasa,0.230712292
2024-02,eolica,14.640744717089468
2024-02,fotovoltaica,2.9091706380000004
2024-02,hidroelectrica,2173.941271946095
2024-02,termica,420.4108962070322
2024-02,total,2615.019340977217
2024-03,biogas,3.378978508
2024-03,biomasa,0.0
2024-03,eolica,14.76983072001059
2024-03,fotovoltaica,3.1306362020000003
2024-03,hidroelectrica,2221.541633879345
2024-03,termica,531.5849620656846
2024-03,total,2774.4060413750403
2024-04,biogas,3.4446837
2024-04,biomasa,0.0
2024-04,eolica,13.067871309067868
2024-04,fotovoltaica,2.7528102490000004
2024-04,hidroelectrica,2058.7524841248705
2024-04,termica,581.0459381501058
2024-04,total,2659.0637875330444
2024-05,biogas,3.153714701
2024-05,biomasa,0.2068503799999999
2024-05,eolica,14.73362586993474
2024-05,fotovoltaica,2.576060502
2024-05,hidroelectrica,2287.5508709462665
2024-05,termica,516.0821227210758
2024-05,total,2824.303245120277
2024-06,biogas,3.294925407
2024-06,biomasa,31.062908905
2024-06,eolica,16.092173730886664
2024-06,fotovoltaica,2.5097849530000005
2024-06,hidroelectrica,2343.033606981773
2024-06,termica,249.2775498290451
2024-06,total,2645.270949806705
2024-07,biogas,3.140997749
2024-07,biomasa,47.43048356
2024-07,eolica,34.4973109089108
2024-07,fotovoltaica,2.871741684
2024-07,hidroelectrica,2177.440384831193
2024-07,termica,372.6635919989176
2024-07,total,2638.044510732021
2024-08,biogas,3.00700544
2024-08,biomasa,47.424762943
2024-08,eolica,27.45543072821487
2024-08,fotovoltaica,2.933973595
2024-08,hidroelectrica,1776.083909169475
2024-08,termica,500.2256186332418
2024-08,total,2357.130700508932
2024-09,biogas,2.38933521
2024-09,biomasa,44.903802463
2024-09,eolica,24.19238616411287
2024-09,fotovoltaica,2.686007206
2024-09,hidroelectrica,1517.865617441171
2024-09,termica,569.0563462918675
2024-09,total,2161.093494776152
2024-10,biogas,2.326739542
2024-10,biomasa,42.703159831
2024-10,eolica,18.16803094310745
2024-10,fotovoltaica,2.487554758
2024-10,hidroelectrica,1291.962281734587
2024-10,termica,745.6756745020142
2024-10,total,2103.3234413107084
2024-11,biogas,1.297702339
2024-11,biomasa,6.177769812999999
2024-11,eolica,11.372451586
2024-11,fotovoltaica,42.214869466583
2024-11,hidroelectrica,797.8750382615775
2024-11,termica,998.1055497185708
2024-11,total,1857.0433811847315
2024-12,biogas,2.851702654
2024-12,biomasa,24.505938705
2024-12,eolica,12.719433413052712
2024-12,fotovoltaica,2.6354257630000006
2024-12,hidroelectrica,1478.0541229508308
2024-12,termica,736.2270067739028
2024-12,total,2256.993630259786
2025-01,biogas,3.818322897
2025-01,biomasa,0.0
2025-01,eolica,11.46266149399422
2025-01,fotovoltaica,2.8305635379999994
2025-01,hidroelectrica,1906.1568930528608
2025-01,termica,698.0317392211721
2025-01,total,2622.3001802030267
2025-02,biogas,3.649927915
2025-02,biomasa,0.0
2025-02,eolica,8.553569779042316
2025-02,fotovoltaica,2.341605633
2025-02,hidroelectrica,2137.467837471209
2025-02,termica,432.004198658986
2025-02,total,2584.017139457237
2025-03,biogas,3.1325037669999998
2025-03,biomasa,0.0
2025-03,eolica,9.833443631013395
2025-03,fotovoltaica,2.8166007459999998
2025-03,hidroelectrica,2573.619000196197
2025-03,termica,408.1149678650148
2025-03,total,2997.516516205226
2025-04,biogas,3.296389014
2025-04,biomasa,0.0
2025-04,eolica,11.499045614042595
2025-04,fotovoltaica,2.8315140370000003
2025-04,hidroelectrica,2487.133445057088
2025-04,termica,405.900962715056
2025-04,total,2910.6613564371864
2025-05,biogas,3.431870029
2025-05,biomasa,0.0
2025-05,eolica,15.341808594976149
2025-05,fotovoltaica,2.4465703400000005
2025-05,hidroelectrica,2545.9965617684197
2025-05,termica,371.1635297389428
2025-05,total,2938.380340471338
2025-06,biogas,2.991453359
2025-06,biomasa,1.000005678
2025-06,eolica,15.960060799052558
2025-06,fotovoltaica,2.2547518270000007
2025-06,hidroelectrica,2406.450151835068
2025-06,termica,279.59583316597866
2025-06,total,2708.252256664099
2025-07,biogas,2.9123213950000006
2025-07,biomasa,38.900786386
2025-07,eolica,29.20294422693749
2025-07,fotovoltaica,2.5060695310000005
2025-07,hidroelectrica,2335.611072391223
2025-07,termica,341.01644080818545
2025-07,total,2750.149634738346
2025-08,biogas,3.270160846
2025-08,biomasa,43.891810064
2025-08,eolica,21.80688190910753
2025-08,fotovoltaica,2.5581228360000003
2025-08,hidroelectrica,2320.031478855281
2025-08,termica,319.43434087195743
2025-08,total,2710.992795382346
2025-09,biogas,3.557731506
2025-09,biomasa,39.843497126
2025-09,eolica,20.29114760407672
2025-09,fotovoltaica,2.6993728990000005
2025-09,hidroelectrica,2376.4545451963904
2025-09,termica,313.9887933099466
2025-09,total,2756.835087641414
2025-10,biogas,3.205953445
2025-10,biomasa,35.983768805
2025-10,eolica,14.093765629904253
2025-10,fotovoltaica,2.580814666
2025-10,hidroelectrica,2466.78765927168
2025-10,termica,294.6524871319777
2025-10,total,2817.304448949561
2025-11,biogas,4.290159524
2025-11,biomasa,36.381109471
2025-11,eolica,10.366571561929822
2025-11,fotovoltaica,2.4876197660000003
2025-11,hidroelectrica,2470.2951299114966
2025-11,termica,313.28479336300296
2025-11,total,2837.1053835974294
2025-12,biogas,4.431618229000001
2025-12,biomasa,25.403608263
2025-12,eolica,13.57201626198064
2025-12,fotovoltaica,3.096047805
2025-12,hidroelectrica,1952.014997209965
2025-12,termica,775.2270579781435
2025-12,total,2773.745345747089
2026-01,biogas,4.380589130999999
2026-01,biomasa,0.577250785
2026-01,eolica,10.995057394046098
2026-01,fotovoltaica,2.70239098
2026-01,hidroelectrica,1973.8714029271755
2026-01,termica,875.3821245079242
2026-01,total,2867.908815725146
2026-02,biogas,4.057355235
2026-02,biomasa,0.0
2026-02,eolica,10.120090615936942
2026-02,fotovoltaica,2.5583940580000006
2026-02,hidroelectrica,2285.561803166441
2026-02,termica,454.5641592749678
2026-02,total,2756.861802350346
2026-03,biogas,4.687844386
2026-03,biomasa,0.0
2026-03,eolica,10.71010608698144
2026-03,fotovoltaica,3.238821816
2026-03,hidroelectrica,2410.462114752181
2026-03,termica,745.3354897727061
2026-03,total,3174.4343768138688
2026-04,biogas,4.635663484
2026-04,biomasa,0.0
2026-04,eolica,13.391046591863974
2026-04,fotovoltaica,3.040189375
2026-04,hidroelectrica,2274.642564971807
2026-04,termica,861.1384528001627
2026-04,total,3156.847917222834
2026-05,biogas,4.36888617
2026-05,biomasa,0.0
2026-05,eolica,22.371182330970598
2026-05,fotovoltaica,2.888087049999999
2026-05,hidroelectrica,2596.729624914604
2026-05,termica,662.0244309839666
2026-05,total,3288.3822114495406
2026-06,biogas,3.988813959
2026-06,biomasa,1.404825746
2026-06,eolica,20.34016432399639
2026-06,fotovoltaica,2.5391114749999995
2026-06,hidroelectrica,2734.9409068004493
2026-06,termica,452.47193835890937
2026-06,total,3215.6857606633557
2026-07,biogas,4.749851759999999
2026-07,biomasa,30.501794425
2026-07,eolica,25.24713124606548
2026-07,fotovoltaica,2.6953240490000003
2026-07,hidroelectrica,2819.9369996568294
2026-07,termica,477.94081559294784
2026-07,total,3361.0719167298425
