fecha,granularidad,energia_MWh_dia,produccion_MWh,exportacion_MWh,importacion_MWh,demanda_max_MW,hora_demanda_max,demanda_min_MW,n_dias,fuente,url,consultado
2026-07-15,dia_demanda_max_historica,115147.15,,,,5634.849999999999,19:30,3845.7799999999997,1,CENACE Información Operativa (curva del día de demanda máxima histórica; energía = media de 48 medias horas x 24),https://www.cenace.gob.ec/info-operativa/InformacionOperativa.htm,2026-10-08T08:37:00-05:00
2026-10-05,diaria,102564.0,102636.0,72.0,83.0,5221.97,19:30,3334.3,1,"CENACE Información Operativa (pestaña diaria, SCADA preliminar)",https://www.cenace.gob.ec/info-operativa/InformacionOperativa.htm,2026-10-07T08:46:00-05:00
2026-10-06,diaria,103887.0,103966.0,79.0,51.0,5268.38,19:30,3465.26,1,"CENACE Información Operativa (pestaña diaria, SCADA preliminar)",https://www.cenace.gob.ec/info-operativa/InformacionOperativa.htm,2026-10-08T08:37:00-05:00
2018-01-01,mensual,71558.7441277742,2218321.0679610004,,,,,,31,CENACE indicadores: energía neta producida total (sin importaciones) - proxy de demanda,https://www.cenace.gob.ec/ (XLSX público de indicadores: energía neta por tecnología; ver scripts/cenace_indicadores.py),
2018-02-01,mensual,67966.09490167857,1903050.657247,,,,,,28,CENACE indicadores: energía neta producida total (sin importaciones) - proxy de demanda,https://www.cenace.gob.ec/ (XLSX público de indicadores: energía neta por tecnología; ver scripts/cenace_indicadores.py),
2018-03-01,mensual,68675.6723466129,2128945.842745,,,,,,31,CENACE indicadores: energía neta producida total (sin importaciones) - proxy de demanda,https://www.cenace.gob.ec/ (XLSX público de indicadores: energía neta por tecnología; ver scripts/cenace_indicadores.py),
2018-04-01,mensual,70808.36342856669,2124250.902857001,,,,,,30,CENACE indicadores: energía neta producida total (sin importaciones) - proxy de demanda,https://www.cenace.gob.ec/ (XLSX público de indicadores: energía neta por tecnología; ver scripts/cenace_indicadores.py),
2018-05-01,mensual,69217.86127896776,2145753.6996480003,,,,,,31,CENACE indicadores: energía neta producida total (sin importaciones) - proxy de demanda,https://www.cenace.gob.ec/ (XLSX público de indicadores: energía neta por tecnología; ver scripts/cenace_indicadores.py),
2018-06-01,mensual,65883.3140983667,1976499.4229510007,,,,,,30,CENACE indicadores: energía neta producida total (sin importaciones) - proxy de demanda,https://www.cenace.gob.ec/ (XLSX público de indicadores: energía neta por tecnología; ver scripts/cenace_indicadores.py),
2018-07-01,mensual,64615.336053161285,2003075.417648,,,,,,31,CENACE indicadores: energía neta producida total (sin importaciones) - proxy de demanda,https://www.cenace.gob.ec/ (XLSX público de indicadores: energía neta por tecnología; ver scripts/cenace_indicadores.py),
2018-08-01,mensual,65366.24094535484,2026353.469306,,,,,,31,CENACE indicadores: energía neta producida total (sin importaciones) - proxy de demanda,https://www.cenace.gob.ec/ (XLSX público de indicadores: energía neta por tecnología; ver scripts/cenace_indicadores.py),
2018-09-01,mensual,66843.67798586666,2005310.3395759999,,,,,,30,CENACE indicadores: energía neta producida total (sin importaciones) - proxy de demanda,https://www.cenace.gob.ec/ (XLSX público de indicadores: energía neta por tecnología; ver scripts/cenace_indicadores.py),
2018-10-01,mensual,64397.584458290345,1996325.1182070007,,,,,,31,CENACE indicadores: energía neta producida total (sin importaciones) - proxy de demanda,https://www.cenace.gob.ec/ (XLSX público de indicadores: energía neta por tecnología; ver scripts/cenace_indicadores.py),
2018-11-01,mensual,66533.04675910002,1995991.4027730008,,,,,,30,CENACE indicadores: energía neta producida total (sin importaciones) - proxy de demanda,https://www.cenace.gob.ec/ (XLSX público de indicadores: energía neta por tecnología; ver scripts/cenace_indicadores.py),
2018-12-01,mensual,69264.19152135485,2147189.937162,,,,,,31,CENACE indicadores: energía neta producida total (sin importaciones) - proxy de demanda,https://www.cenace.gob.ec/ (XLSX público de indicadores: energía neta por tecnología; ver scripts/cenace_indicadores.py),
2019-01-01,mensual,74011.3292201613,2294351.205825,,,,,,31,CENACE indicadores: energía neta producida total (sin importaciones) - proxy de demanda,https://www.cenace.gob.ec/ (XLSX público de indicadores: energía neta por tecnología; ver scripts/cenace_indicadores.py),
2019-02-01,mensual,79373.54731903573,2222459.3249330004,,,,,,28,CENACE indicadores: energía neta producida total (sin importaciones) - proxy de demanda,https://www.cenace.gob.ec/ (XLSX público de indicadores: energía neta por tecnología; ver scripts/cenace_indicadores.py),
2019-03-01,mensual,78913.32371835488,2446313.035269001,,,,,,31,CENACE indicadores: energía neta producida total (sin importaciones) - proxy de demanda,https://www.cenace.gob.ec/ (XLSX público de indicadores: energía neta por tecnología; ver scripts/cenace_indicadores.py),
2019-04-01,mensual,78765.90646149997,2362977.193844999,,,,,,30,CENACE indicadores: energía neta producida total (sin importaciones) - proxy de demanda,https://www.cenace.gob.ec/ (XLSX público de indicadores: energía neta por tecnología; ver scripts/cenace_indicadores.py),
2019-05-01,mensual,78044.08159780642,2419366.529531999,,,,,,31,CENACE indicadores: energía neta producida total (sin importaciones) - proxy de demanda,https://www.cenace.gob.ec/ (XLSX público de indicadores: energía neta por tecnología; ver scripts/cenace_indicadores.py),
2019-06-01,mensual,74132.35185,2223970.5555000002,,,,,,30,CENACE indicadores: energía neta producida total (sin importaciones) - proxy de demanda,https://www.cenace.gob.ec/ (XLSX público de indicadores: energía neta por tecnología; ver scripts/cenace_indicadores.py),
2019-07-01,mensual,72217.7810258387,2238751.211801,,,,,,31,CENACE indicadores: energía neta producida total (sin importaciones) - proxy de demanda,https://www.cenace.gob.ec/ (XLSX público de indicadores: energía neta por tecnología; ver scripts/cenace_indicadores.py),
2019-08-01,mensual,73483.81331883871,2277998.212884,,,,,,31,CENACE indicadores: energía neta producida total (sin importaciones) - proxy de demanda,https://www.cenace.gob.ec/ (XLSX público de indicadores: energía neta por tecnología; ver scripts/cenace_indicadores.py),
2019-09-01,mensual,72988.99234836668,2189669.7704510004,,,,,,30,CENACE indicadores: energía neta producida total (sin importaciones) - proxy de demanda,https://www.cenace.gob.ec/ (XLSX público de indicadores: energía neta por tecnología; ver scripts/cenace_indicadores.py),
2019-10-01,mensual,70467.0867869032,2184479.690393999,,,,,,31,CENACE indicadores: energía neta producida total (sin importaciones) - proxy de demanda,https://www.cenace.gob.ec/ (XLSX público de indicadores: energía neta por tecnología; ver scripts/cenace_indicadores.py),
2019-11-01,mensual,76066.19323496667,2281985.7970490004,,,,,,30,CENACE indicadores: energía neta producida total (sin importaciones) - proxy de demanda,https://www.cenace.gob.ec/ (XLSX público de indicadores: energía neta por tecnología; ver scripts/cenace_indicadores.py),
2019-12-01,mensual,76954.47310109678,2385588.6661340003,,,,,,31,CENACE indicadores: energía neta producida total (sin importaciones) - proxy de demanda,https://www.cenace.gob.ec/ (XLSX público de indicadores: energía neta por tecnología; ver scripts/cenace_indicadores.py),
2020-01-01,mensual,80384.88320122586,2491931.379238002,,,,,,31,CENACE indicadores: energía neta producida total (sin importaciones) - proxy de demanda,https://www.cenace.gob.ec/ (XLSX público de indicadores: energía neta por tecnología; ver scripts/cenace_indicadores.py),
2020-02-01,mensual,80371.07785496551,2330761.2577939997,,,,,,29,CENACE indicadores: energía neta producida total (sin importaciones) - proxy de demanda,https://www.cenace.gob.ec/ (XLSX público de indicadores: energía neta por tecnología; ver scripts/cenace_indicadores.py),
2020-03-01,mensual,72564.00083474195,2249484.0258770003,,,,,,31,CENACE indicadores: energía neta producida total (sin importaciones) - proxy de demanda,https://www.cenace.gob.ec/ (XLSX público de indicadores: energía neta por tecnología; ver scripts/cenace_indicadores.py),
2020-04-01,mensual,69670.27141469998,2090108.1424409994,,,,,,30,CENACE indicadores: energía neta producida total (sin importaciones) - proxy de demanda,https://www.cenace.gob.ec/ (XLSX público de indicadores: energía neta por tecnología; ver scripts/cenace_indicadores.py),
2020-05-01,mensual,72945.82094383873,2261320.4492590004,,,,,,31,CENACE indicadores: energía neta producida total (sin importaciones) - proxy de demanda,https://www.cenace.gob.ec/ (XLSX público de indicadores: energía neta por tecnología; ver scripts/cenace_indicadores.py),
2020-06-01,mensual,75354.34142976667,2260630.242893,,,,,,30,CENACE indicadores: energía neta producida total (sin importaciones) - proxy de demanda,https://www.cenace.gob.ec/ (XLSX público de indicadores: energía neta por tecnología; ver scripts/cenace_indicadores.py),
2020-07-01,mensual,73794.40624206452,2287626.593504,,,,,,31,CENACE indicadores: energía neta producida total (sin importaciones) - proxy de demanda,https://www.cenace.gob.ec/ (XLSX público de indicadores: energía neta por tecnología; ver scripts/cenace_indicadores.py),
2020-08-01,mensual,71730.27922887095,2223638.6560949995,,,,,,31,CENACE indicadores: energía neta producida total (sin importaciones) - proxy de demanda,https://www.cenace.gob.ec/ (XLSX público de indicadores: energía neta por tecnología; ver scripts/cenace_indicadores.py),
2020-09-01,mensual,70894.24448966667,2126827.33469,,,,,,30,CENACE indicadores: energía neta producida total (sin importaciones) - proxy de demanda,https://www.cenace.gob.ec/ (XLSX público de indicadores: energía neta por tecnología; ver scripts/cenace_indicadores.py),
2020-10-01,mensual,72314.12290580646,2241737.81008,,,,,,31,CENACE indicadores: energía neta producida total (sin importaciones) - proxy de demanda,https://www.cenace.gob.ec/ (XLSX público de indicadores: energía neta por tecnología; ver scripts/cenace_indicadores.py),
2020-11-01,mensual,64448.7809801333,1933463.429403999,,,,,,30,CENACE indicadores: energía neta producida total (sin importaciones) - proxy de demanda,https://www.cenace.gob.ec/ (XLSX público de indicadores: energía neta por tecnología; ver scripts/cenace_indicadores.py),
2020-12-01,mensual,71988.21593838709,2231634.69409,,,,,,31,CENACE indicadores: energía neta producida total (sin importaciones) - proxy de demanda,https://www.cenace.gob.ec/ (XLSX público de indicadores: energía neta por tecnología; ver scripts/cenace_indicadores.py),
2021-01-01,mensual,73364.37523667738,2274295.632336999,,,,,,31,CENACE indicadores: energía neta producida total (sin importaciones) - proxy de demanda,https://www.cenace.gob.ec/ (XLSX público de indicadores: energía neta por tecnología; ver scripts/cenace_indicadores.py),
2021-02-01,mensual,76275.84157089282,2135723.563984999,,,,,,28,CENACE indicadores: energía neta producida total (sin importaciones) - proxy de demanda,https://www.cenace.gob.ec/ (XLSX público de indicadores: energía neta por tecnología; ver scripts/cenace_indicadores.py),
2021-03-01,mensual,82305.58848548387,2551473.2430499997,,,,,,31,CENACE indicadores: energía neta producida total (sin importaciones) - proxy de demanda,https://www.cenace.gob.ec/ (XLSX público de indicadores: energía neta por tecnología; ver scripts/cenace_indicadores.py),
2021-04-01,mensual,82946.4718135334,2488394.154406002,,,,,,30,CENACE indicadores: energía neta producida total (sin importaciones) - proxy de demanda,https://www.cenace.gob.ec/ (XLSX público de indicadores: energía neta por tecnología; ver scripts/cenace_indicadores.py),
2021-05-01,mensual,74492.31715845162,2309261.831912,,,,,,31,CENACE indicadores: energía neta producida total (sin importaciones) - proxy de demanda,https://www.cenace.gob.ec/ (XLSX público de indicadores: energía neta por tecnología; ver scripts/cenace_indicadores.py),
2021-06-01,mensual,73168.56118300003,2195056.835490001,,,,,,30,CENACE indicadores: energía neta producida total (sin importaciones) - proxy de demanda,https://www.cenace.gob.ec/ (XLSX público de indicadores: energía neta por tecnología; ver scripts/cenace_indicadores.py),
2021-07-01,mensual,72506.30644164515,2247695.4996909997,,,,,,31,CENACE indicadores: energía neta producida total (sin importaciones) - proxy de demanda,https://www.cenace.gob.ec/ (XLSX público de indicadores: energía neta por tecnología; ver scripts/cenace_indicadores.py),
2021-08-01,mensual,72794.11534241935,2256617.575615,,,,,,31,CENACE indicadores: energía neta producida total (sin importaciones) - proxy de demanda,https://www.cenace.gob.ec/ (XLSX público de indicadores: energía neta por tecnología; ver scripts/cenace_indicadores.py),
2021-09-01,mensual,69010.7638170801,2070322.9145124028,,,,,,30,CENACE indicadores: energía neta producida total (sin importaciones) - proxy de demanda,https://www.cenace.gob.ec/ (XLSX público de indicadores: energía neta por tecnología; ver scripts/cenace_indicadores.py),
2021-10-01,mensual,71943.6565853242,2230253.3541450505,,,,,,31,CENACE indicadores: energía neta producida total (sin importaciones) - proxy de demanda,https://www.cenace.gob.ec/ (XLSX público de indicadores: energía neta por tecnología; ver scripts/cenace_indicadores.py),
2021-11-01,mensual,75535.40389027809,2266062.1167083425,,,,,,30,CENACE indicadores: energía neta producida total (sin importaciones) - proxy de demanda,https://www.cenace.gob.ec/ (XLSX público de indicadores: energía neta por tecnología; ver scripts/cenace_indicadores.py),
2021-12-01,mensual,80406.22103103402,2492592.8519620546,,,,,,31,CENACE indicadores: energía neta producida total (sin importaciones) - proxy de demanda,https://www.cenace.gob.ec/ (XLSX público de indicadores: energía neta por tecnología; ver scripts/cenace_indicadores.py),
2022-01-01,mensual,76818.57979853966,2381375.9737547296,,,,,,31,CENACE indicadores: energía neta producida total (sin importaciones) - proxy de demanda,https://www.cenace.gob.ec/ (XLSX público de indicadores: energía neta por tecnología; ver scripts/cenace_indicadores.py),
2022-02-01,mensual,78011.6997624425,2184327.59334839,,,,,,28,CENACE indicadores: energía neta producida total (sin importaciones) - proxy de demanda,https://www.cenace.gob.ec/ (XLSX público de indicadores: energía neta por tecnología; ver scripts/cenace_indicadores.py),
2022-03-01,mensual,82797.26201371213,2566715.122425076,,,,,,31,CENACE indicadores: energía neta producida total (sin importaciones) - proxy de demanda,https://www.cenace.gob.ec/ (XLSX público de indicadores: energía neta por tecnología; ver scripts/cenace_indicadores.py),
2022-04-01,mensual,83261.07172673196,2497832.1518019587,,,,,,30,CENACE indicadores: energía neta producida total (sin importaciones) - proxy de demanda,https://www.cenace.gob.ec/ (XLSX público de indicadores: energía neta por tecnología; ver scripts/cenace_indicadores.py),
2022-05-01,mensual,80322.81773934499,2490007.3499196945,,,,,,31,CENACE indicadores: energía neta producida total (sin importaciones) - proxy de demanda,https://www.cenace.gob.ec/ (XLSX público de indicadores: energía neta por tecnología; ver scripts/cenace_indicadores.py),
2022-06-01,mensual,74608.74009398794,2238262.2028196384,,,,,,30,CENACE indicadores: energía neta producida total (sin importaciones) - proxy de demanda,https://www.cenace.gob.ec/ (XLSX público de indicadores: energía neta por tecnología; ver scripts/cenace_indicadores.py),
2022-07-01,mensual,75798.77124995638,2349761.9087486477,,,,,,31,CENACE indicadores: energía neta producida total (sin importaciones) - proxy de demanda,https://www.cenace.gob.ec/ (XLSX público de indicadores: energía neta por tecnología; ver scripts/cenace_indicadores.py),
2022-08-01,mensual,77096.6373206331,2389995.7569396263,,,,,,31,CENACE indicadores: energía neta producida total (sin importaciones) - proxy de demanda,https://www.cenace.gob.ec/ (XLSX público de indicadores: energía neta por tecnología; ver scripts/cenace_indicadores.py),
2022-09-01,mensual,77710.98916306757,2331329.674892027,,,,,,30,CENACE indicadores: energía neta producida total (sin importaciones) - proxy de demanda,https://www.cenace.gob.ec/ (XLSX público de indicadores: energía neta por tecnología; ver scripts/cenace_indicadores.py),
2022-10-01,mensual,74408.44422466542,2306661.770964628,,,,,,31,CENACE indicadores: energía neta producida total (sin importaciones) - proxy de demanda,https://www.cenace.gob.ec/ (XLSX público de indicadores: energía neta por tecnología; ver scripts/cenace_indicadores.py),
2022-11-01,mensual,72994.02436878235,2189820.7310634707,,,,,,30,CENACE indicadores: energía neta producida total (sin importaciones) - proxy de demanda,https://www.cenace.gob.ec/ (XLSX público de indicadores: energía neta por tecnología; ver scripts/cenace_indicadores.py),
2022-12-01,mensual,73958.03832402208,2292699.1880446845,,,,,,31,CENACE indicadores: energía neta producida total (sin importaciones) - proxy de demanda,https://www.cenace.gob.ec/ (XLSX público de indicadores: energía neta por tecnología; ver scripts/cenace_indicadores.py),
2023-01-01,mensual,73286.4032653329,2271878.50122532,,,,,,31,CENACE indicadores: energía neta producida total (sin importaciones) - proxy de demanda,https://www.cenace.gob.ec/ (XLSX público de indicadores: energía neta por tecnología; ver scripts/cenace_indicadores.py),
2023-02-01,mensual,77043.25899825839,2157211.251951235,,,,,,28,CENACE indicadores: energía neta producida total (sin importaciones) - proxy de demanda,https://www.cenace.gob.ec/ (XLSX público de indicadores: energía neta por tecnología; ver scripts/cenace_indicadores.py),
2023-03-01,mensual,85269.27836419575,2643347.629290068,,,,,,31,CENACE indicadores: energía neta producida total (sin importaciones) - proxy de demanda,https://www.cenace.gob.ec/ (XLSX público de indicadores: energía neta por tecnología; ver scripts/cenace_indicadores.py),
2023-04-01,mensual,86943.64383992605,2608309.3151977817,,,,,,30,CENACE indicadores: energía neta producida total (sin importaciones) - proxy de demanda,https://www.cenace.gob.ec/ (XLSX público de indicadores: energía neta por tecnología; ver scripts/cenace_indicadores.py),
2023-05-01,mensual,93452.38425590323,2897023.911933,,,,,,31,CENACE indicadores: energía neta producida total (sin importaciones) - proxy de demanda,https://www.cenace.gob.ec/ (XLSX público de indicadores: energía neta por tecnología; ver scripts/cenace_indicadores.py),
2023-06-01,mensual,91977.2277107107,2759316.831321321,,,,,,30,CENACE indicadores: energía neta producida total (sin importaciones) - proxy de demanda,https://www.cenace.gob.ec/ (XLSX público de indicadores: energía neta por tecnología; ver scripts/cenace_indicadores.py),
2023-07-01,mensual,92223.11582014266,2858916.5904244226,,,,,,31,CENACE indicadores: energía neta producida total (sin importaciones) - proxy de demanda,https://www.cenace.gob.ec/ (XLSX público de indicadores: energía neta por tecnología; ver scripts/cenace_indicadores.py),
2023-08-01,mensual,86565.30864684623,2683524.568052233,,,,,,31,CENACE indicadores: energía neta producida total (sin importaciones) - proxy de demanda,https://www.cenace.gob.ec/ (XLSX público de indicadores: energía neta por tecnología; ver scripts/cenace_indicadores.py),
2023-09-01,mensual,78872.25720974064,2366167.7162922192,,,,,,30,CENACE indicadores: energía neta producida total (sin importaciones) - proxy de demanda,https://www.cenace.gob.ec/ (XLSX público de indicadores: energía neta por tecnología; ver scripts/cenace_indicadores.py),
2023-10-01,mensual,80445.02670393647,2493795.8278220305,,,,,,31,CENACE indicadores: energía neta producida total (sin importaciones) - proxy de demanda,https://www.cenace.gob.ec/ (XLSX público de indicadores: energía neta por tecnología; ver scripts/cenace_indicadores.py),
2023-11-01,mensual,78133.81972892994,2344014.591867898,,,,,,30,CENACE indicadores: energía neta producida total (sin importaciones) - proxy de demanda,https://www.cenace.gob.ec/ (XLSX público de indicadores: energía neta por tecnología; ver scripts/cenace_indicadores.py),
2023-12-01,mensual,80606.9448227964,2498815.2895066882,,,,,,31,CENACE indicadores: energía neta producida total (sin importaciones) - proxy de demanda,https://www.cenace.gob.ec/ (XLSX público de indicadores: energía neta por tecnología; ver scripts/cenace_indicadores.py),
2024-01-01,mensual,86986.5431139753,2696582.8365332345,,,,,,31,CENACE indicadores: energía neta producida total (sin importaciones) - proxy de demanda,https://www.cenace.gob.ec/ (XLSX público de indicadores: energía neta por tecnología; ver scripts/cenace_indicadores.py),
2024-02-01,mensual,90173.08072335231,2615019.340977217,,,,,,29,CENACE indicadores: energía neta producida total (sin importaciones) - proxy de demanda,https://www.cenace.gob.ec/ (XLSX público de indicadores: energía neta por tecnología; ver scripts/cenace_indicadores.py),
2024-03-01,mensual,89496.96907661422,2774406.0413750405,,,,,,31,CENACE indicadores: energía neta producida total (sin importaciones) - proxy de demanda,https://www.cenace.gob.ec/ (XLSX público de indicadores: energía neta por tecnología; ver scripts/cenace_indicadores.py),
2024-04-01,mensual,88635.45958443481,2659063.7875330443,,,,,,30,CENACE indicadores: energía neta producida total (sin importaciones) - proxy de demanda,https://www.cenace.gob.ec/ (XLSX público de indicadores: energía neta por tecnología; ver scripts/cenace_indicadores.py),
2024-05-01,mensual,91106.55629420248,2824303.245120277,,,,,,31,CENACE indicadores: energía neta producida total (sin importaciones) - proxy de demanda,https://www.cenace.gob.ec/ (XLSX público de indicadores: energía neta por tecnología; ver scripts/cenace_indicadores.py),
2024-06-01,mensual,88175.69832689017,2645270.949806705,,,,,,30,CENACE indicadores: energía neta producida total (sin importaciones) - proxy de demanda,https://www.cenace.gob.ec/ (XLSX público de indicadores: energía neta por tecnología; ver scripts/cenace_indicadores.py),
2024-07-01,mensual,85098.21002361359,2638044.510732021,,,,,,31,CENACE indicadores: energía neta producida total (sin importaciones) - proxy de demanda,https://www.cenace.gob.ec/ (XLSX público de indicadores: energía neta por tecnología; ver scripts/cenace_indicadores.py),
2024-08-01,mensual,76036.47420996556,2357130.700508932,,,,,,31,CENACE indicadores: energía neta producida total (sin importaciones) - proxy de demanda,https://www.cenace.gob.ec/ (XLSX público de indicadores: energía neta por tecnología; ver scripts/cenace_indicadores.py),
2024-09-01,mensual,72036.44982587174,2161093.494776152,,,,,,30,CENACE indicadores: energía neta producida total (sin importaciones) - proxy de demanda,https://www.cenace.gob.ec/ (XLSX público de indicadores: energía neta por tecnología; ver scripts/cenace_indicadores.py),
2024-10-01,mensual,67849.14326808737,2103323.4413107084,,,,,,31,CENACE indicadores: energía neta producida total (sin importaciones) - proxy de demanda,https://www.cenace.gob.ec/ (XLSX público de indicadores: energía neta por tecnología; ver scripts/cenace_indicadores.py),
2024-11-01,mensual,61901.44603949106,1857043.3811847316,,,,,,30,CENACE indicadores: energía neta producida total (sin importaciones) - proxy de demanda,https://www.cenace.gob.ec/ (XLSX público de indicadores: energía neta por tecnología; ver scripts/cenace_indicadores.py),
2024-12-01,mensual,72806.24613741245,2256993.6302597863,,,,,,31,CENACE indicadores: energía neta producida total (sin importaciones) - proxy de demanda,https://www.cenace.gob.ec/ (XLSX público de indicadores: energía neta por tecnología; ver scripts/cenace_indicadores.py),
2025-01-01,mensual,84590.32839364602,2622300.1802030266,,,,,,31,CENACE indicadores: energía neta producida total (sin importaciones) - proxy de demanda,https://www.cenace.gob.ec/ (XLSX público de indicadores: energía neta por tecnología; ver scripts/cenace_indicadores.py),
2025-02-01,mensual,92286.32640918704,2584017.139457237,,,,,,28,CENACE indicadores: energía neta producida total (sin importaciones) - proxy de demanda,https://www.cenace.gob.ec/ (XLSX público de indicadores: energía neta por tecnología; ver scripts/cenace_indicadores.py),
2025-03-01,mensual,96694.08116791051,2997516.5162052256,,,,,,31,CENACE indicadores: energía neta producida total (sin importaciones) - proxy de demanda,https://www.cenace.gob.ec/ (XLSX público de indicadores: energía neta por tecnología; ver scripts/cenace_indicadores.py),
2025-04-01,mensual,97022.04521457288,2910661.3564371862,,,,,,30,CENACE indicadores: energía neta producida total (sin importaciones) - proxy de demanda,https://www.cenace.gob.ec/ (XLSX público de indicadores: energía neta por tecnología; ver scripts/cenace_indicadores.py),
2025-05-01,mensual,94786.46259584962,2938380.340471338,,,,,,31,CENACE indicadores: energía neta producida total (sin importaciones) - proxy de demanda,https://www.cenace.gob.ec/ (XLSX público de indicadores: energía neta por tecnología; ver scripts/cenace_indicadores.py),
2025-06-01,mensual,90275.07522213664,2708252.256664099,,,,,,30,CENACE indicadores: energía neta producida total (sin importaciones) - proxy de demanda,https://www.cenace.gob.ec/ (XLSX público de indicadores: energía neta por tecnología; ver scripts/cenace_indicadores.py),
2025-07-01,mensual,88714.50434639826,2750149.634738346,,,,,,31,CENACE indicadores: energía neta producida total (sin importaciones) - proxy de demanda,https://www.cenace.gob.ec/ (XLSX público de indicadores: energía neta por tecnología; ver scripts/cenace_indicadores.py),
2025-08-01,mensual,87451.3804962047,2710992.7953823456,,,,,,31,CENACE indicadores: energía neta producida total (sin importaciones) - proxy de demanda,https://www.cenace.gob.ec/ (XLSX público de indicadores: energía neta por tecnología; ver scripts/cenace_indicadores.py),
2025-09-01,mensual,91894.50292138047,2756835.087641414,,,,,,30,CENACE indicadores: energía neta producida total (sin importaciones) - proxy de demanda,https://www.cenace.gob.ec/ (XLSX público de indicadores: energía neta por tecnología; ver scripts/cenace_indicadores.py),
2025-10-01,mensual,90880.7886757923,2817304.448949561,,,,,,31,CENACE indicadores: energía neta producida total (sin importaciones) - proxy de demanda,https://www.cenace.gob.ec/ (XLSX público de indicadores: energía neta por tecnología; ver scripts/cenace_indicadores.py),
2025-11-01,mensual,94570.17945324765,2837105.3835974294,,,,,,30,CENACE indicadores: energía neta producida total (sin importaciones) - proxy de demanda,https://www.cenace.gob.ec/ (XLSX público de indicadores: energía neta por tecnología; ver scripts/cenace_indicadores.py),
2025-12-01,mensual,89475.65631442222,2773745.3457470885,,,,,,31,CENACE indicadores: energía neta producida total (sin importaciones) - proxy de demanda,https://www.cenace.gob.ec/ (XLSX público de indicadores: energía neta por tecnología; ver scripts/cenace_indicadores.py),
2026-01-01,mensual,92513.18760403697,2867908.815725146,,,,,,31,CENACE indicadores: energía neta producida total (sin importaciones) - proxy de demanda,https://www.cenace.gob.ec/ (XLSX público de indicadores: energía neta por tecnología; ver scripts/cenace_indicadores.py),
2026-02-01,mensual,98459.35008394092,2756861.802350346,,,,,,28,CENACE indicadores: energía neta producida total (sin importaciones) - proxy de demanda,https://www.cenace.gob.ec/ (XLSX público de indicadores: energía neta por tecnología; ver scripts/cenace_indicadores.py),
2026-03-01,mensual,102401.10892947964,3174434.376813869,,,,,,31,CENACE indicadores: energía neta producida total (sin importaciones) - proxy de demanda,https://www.cenace.gob.ec/ (XLSX público de indicadores: energía neta por tecnología; ver scripts/cenace_indicadores.py),
2026-04-01,mensual,105228.26390742781,3156847.917222834,,,,,,30,CENACE indicadores: energía neta producida total (sin importaciones) - proxy de demanda,https://www.cenace.gob.ec/ (XLSX público de indicadores: energía neta por tecnología; ver scripts/cenace_indicadores.py),
2026-05-01,mensual,106076.84553063035,3288382.2114495407,,,,,,31,CENACE indicadores: energía neta producida total (sin importaciones) - proxy de demanda,https://www.cenace.gob.ec/ (XLSX público de indicadores: energía neta por tecnología; ver scripts/cenace_indicadores.py),
2026-06-01,mensual,107189.5253554452,3215685.760663356,,,,,,30,CENACE indicadores: energía neta producida total (sin importaciones) - proxy de demanda,https://www.cenace.gob.ec/ (XLSX público de indicadores: energía neta por tecnología; ver scripts/cenace_indicadores.py),
2026-07-01,mensual,108421.67473322072,3361071.9167298423,,,,,,31,CENACE indicadores: energía neta producida total (sin importaciones) - proxy de demanda,https://www.cenace.gob.ec/ (XLSX público de indicadores: energía neta por tecnología; ver scripts/cenace_indicadores.py),
2026-10-05,mes_a_la_fecha,97290.8,486913.0,459.0,380.0,5221.97,19:30,,5,CENACE Información Operativa (acumulado mensual Octubre de 2026 (hasta el día 05)); demanda_max_MW = día de demanda máxima mensual 2026-10-05,https://www.cenace.gob.ec/info-operativa/InformacionOperativa.htm,2026-10-07T08:46:00-05:00
2026-10-06,mes_a_la_fecha,98390.16666666667,590879.0,538.0,432.0,5268.38,19:30,,6,CENACE Información Operativa (acumulado mensual Octubre de 2026 (hasta el día 06)); demanda_max_MW = día de demanda máxima mensual 2026-10-06,https://www.cenace.gob.ec/info-operativa/InformacionOperativa.htm,2026-10-08T08:37:00-05:00
