fecha,componente,valor,unidad,fuente,url,consultado
2026-10-05,Agoyán,2027.0,MWh,CENACE Información Operativa (diaria),https://www.cenace.gob.ec/info-operativa/InformacionOperativa.htm,2026-10-07T08:46:00-05:00
2026-10-05,Coca Codo,23346.0,MWh,CENACE Información Operativa (diaria),https://www.cenace.gob.ec/info-operativa/InformacionOperativa.htm,2026-10-07T08:46:00-05:00
2026-10-05,Delsitanisagua,2788.0,MWh,CENACE Información Operativa (diaria),https://www.cenace.gob.ec/info-operativa/InformacionOperativa.htm,2026-10-07T08:46:00-05:00
2026-10-05,Gas Natural,2822.0,MWh,CENACE Información Operativa (diaria),https://www.cenace.gob.ec/info-operativa/InformacionOperativa.htm,2026-10-07T08:46:00-05:00
2026-10-05,Mazar,1164.0,MWh,CENACE Información Operativa (diaria),https://www.cenace.gob.ec/info-operativa/InformacionOperativa.htm,2026-10-07T08:46:00-05:00
2026-10-05,Minas San Francisco,1488.0,MWh,CENACE Información Operativa (diaria),https://www.cenace.gob.ec/info-operativa/InformacionOperativa.htm,2026-10-07T08:46:00-05:00
2026-10-05,Otras Hidro,19704.0,MWh,CENACE Información Operativa (diaria),https://www.cenace.gob.ec/info-operativa/InformacionOperativa.htm,2026-10-07T08:46:00-05:00
2026-10-05,Paute,14358.0,MWh,CENACE Información Operativa (diaria),https://www.cenace.gob.ec/info-operativa/InformacionOperativa.htm,2026-10-07T08:46:00-05:00
2026-10-05,Renovable,643.0,MWh,CENACE Información Operativa (diaria),https://www.cenace.gob.ec/info-operativa/InformacionOperativa.htm,2026-10-07T08:46:00-05:00
2026-10-05,San Francisco,2801.0,MWh,CENACE Información Operativa (diaria),https://www.cenace.gob.ec/info-operativa/InformacionOperativa.htm,2026-10-07T08:46:00-05:00
2026-10-05,Sopladora,8041.0,MWh,CENACE Información Operativa (diaria),https://www.cenace.gob.ec/info-operativa/InformacionOperativa.htm,2026-10-07T08:46:00-05:00
2026-10-05,TOTAL_hidraulica,75717.0,MWh,CENACE Información Operativa (diaria),https://www.cenace.gob.ec/info-operativa/InformacionOperativa.htm,2026-10-07T08:46:00-05:00
2026-10-05,TOTAL_renovable_no_conv,643.0,MWh,CENACE Información Operativa (diaria),https://www.cenace.gob.ec/info-operativa/InformacionOperativa.htm,2026-10-07T08:46:00-05:00
2026-10-05,TOTAL_termica,26193.0,MWh,CENACE Información Operativa (diaria),https://www.cenace.gob.ec/info-operativa/InformacionOperativa.htm,2026-10-07T08:46:00-05:00
2026-10-05,Térmica,23371.0,MWh,CENACE Información Operativa (diaria),https://www.cenace.gob.ec/info-operativa/InformacionOperativa.htm,2026-10-07T08:46:00-05:00
2026-10-05,exportacion,72.0,MWh,CENACE Información Operativa (diaria),https://www.cenace.gob.ec/info-operativa/InformacionOperativa.htm,2026-10-07T08:46:00-05:00
2026-10-05,importacion,83.0,MWh,CENACE Información Operativa (diaria),https://www.cenace.gob.ec/info-operativa/InformacionOperativa.htm,2026-10-07T08:46:00-05:00
2026-10-05,produccion_total,102636.0,MWh,CENACE Información Operativa (diaria),https://www.cenace.gob.ec/info-operativa/InformacionOperativa.htm,2026-10-07T08:46:00-05:00
2026-10-05,termica_max_MW_media_hora,1154.38,MW,CENACE Información Operativa (diaria),https://www.cenace.gob.ec/info-operativa/InformacionOperativa.htm,2026-10-07T08:46:00-05:00
2026-10-06,Agoyán,1907.0,MWh,CENACE Información Operativa (diaria),https://www.cenace.gob.ec/info-operativa/InformacionOperativa.htm,2026-10-08T12:34:00-05:00
2026-10-06,Coca Codo,19157.0,MWh,CENACE Información Operativa (diaria),https://www.cenace.gob.ec/info-operativa/InformacionOperativa.htm,2026-10-08T12:34:00-05:00
2026-10-06,Delsitanisagua,2675.0,MWh,CENACE Información Operativa (diaria),https://www.cenace.gob.ec/info-operativa/InformacionOperativa.htm,2026-10-08T12:34:00-05:00
2026-10-06,Gas Natural,2816.0,MWh,CENACE Información Operativa (diaria),https://www.cenace.gob.ec/info-operativa/InformacionOperativa.htm,2026-10-08T12:34:00-05:00
2026-10-06,Mazar,2157.0,MWh,CENACE Información Operativa (diaria),https://www.cenace.gob.ec/info-operativa/InformacionOperativa.htm,2026-10-08T12:34:00-05:00
2026-10-06,Minas San Francisco,1870.0,MWh,CENACE Información Operativa (diaria),https://www.cenace.gob.ec/info-operativa/InformacionOperativa.htm,2026-10-08T12:34:00-05:00
2026-10-06,Otras Hidro,18740.0,MWh,CENACE Información Operativa (diaria),https://www.cenace.gob.ec/info-operativa/InformacionOperativa.htm,2026-10-08T12:34:00-05:00
2026-10-06,Paute,18959.0,MWh,CENACE Información Operativa (diaria),https://www.cenace.gob.ec/info-operativa/InformacionOperativa.htm,2026-10-08T12:34:00-05:00
2026-10-06,Renovable,567.0,MWh,CENACE Información Operativa (diaria),https://www.cenace.gob.ec/info-operativa/InformacionOperativa.htm,2026-10-08T12:34:00-05:00
2026-10-06,San Francisco,2566.0,MWh,CENACE Información Operativa (diaria),https://www.cenace.gob.ec/info-operativa/InformacionOperativa.htm,2026-10-08T12:34:00-05:00
2026-10-06,Sopladora,9960.0,MWh,CENACE Información Operativa (diaria),https://www.cenace.gob.ec/info-operativa/InformacionOperativa.htm,2026-10-08T12:34:00-05:00
2026-10-06,TOTAL_hidraulica,77991.0,MWh,CENACE Información Operativa (diaria),https://www.cenace.gob.ec/info-operativa/InformacionOperativa.htm,2026-10-08T12:34:00-05:00
2026-10-06,TOTAL_renovable_no_conv,567.0,MWh,CENACE Información Operativa (diaria),https://www.cenace.gob.ec/info-operativa/InformacionOperativa.htm,2026-10-08T12:34:00-05:00
2026-10-06,TOTAL_termica,25358.0,MWh,CENACE Información Operativa (diaria),https://www.cenace.gob.ec/info-operativa/InformacionOperativa.htm,2026-10-08T12:34:00-05:00
2026-10-06,Térmica,22541.0,MWh,CENACE Información Operativa (diaria),https://www.cenace.gob.ec/info-operativa/InformacionOperativa.htm,2026-10-08T12:34:00-05:00
2026-10-06,exportacion,79.0,MWh,CENACE Información Operativa (diaria),https://www.cenace.gob.ec/info-operativa/InformacionOperativa.htm,2026-10-08T12:34:00-05:00
2026-10-06,importacion,51.0,MWh,CENACE Información Operativa (diaria),https://www.cenace.gob.ec/info-operativa/InformacionOperativa.htm,2026-10-08T12:34:00-05:00
2026-10-06,produccion_total,103966.0,MWh,CENACE Información Operativa (diaria),https://www.cenace.gob.ec/info-operativa/InformacionOperativa.htm,2026-10-08T12:34:00-05:00
2026-10-06,termica_max_MW_media_hora,1130.04,MW,CENACE Información Operativa (diaria),https://www.cenace.gob.ec/info-operativa/InformacionOperativa.htm,2026-10-08T12:34:00-05:00
2026-10-07,Agoyán,1966.0,MWh,CENACE Información Operativa (diaria),https://www.cenace.gob.ec/info-operativa/InformacionOperativa.htm,2026-10-10T08:33:00-05:00
2026-10-07,Coca Codo,19048.0,MWh,CENACE Información Operativa (diaria),https://www.cenace.gob.ec/info-operativa/InformacionOperativa.htm,2026-10-10T08:33:00-05:00
2026-10-07,Delsitanisagua,2526.0,MWh,CENACE Información Operativa (diaria),https://www.cenace.gob.ec/info-operativa/InformacionOperativa.htm,2026-10-10T08:33:00-05:00
2026-10-07,Gas Natural,2781.0,MWh,CENACE Información Operativa (diaria),https://www.cenace.gob.ec/info-operativa/InformacionOperativa.htm,2026-10-10T08:33:00-05:00
2026-10-07,Mazar,2831.0,MWh,CENACE Información Operativa (diaria),https://www.cenace.gob.ec/info-operativa/InformacionOperativa.htm,2026-10-10T08:33:00-05:00
2026-10-07,Minas San Francisco,1693.0,MWh,CENACE Información Operativa (diaria),https://www.cenace.gob.ec/info-operativa/InformacionOperativa.htm,2026-10-10T08:33:00-05:00
2026-10-07,Otras Hidro,19903.0,MWh,CENACE Información Operativa (diaria),https://www.cenace.gob.ec/info-operativa/InformacionOperativa.htm,2026-10-10T08:33:00-05:00
2026-10-07,Paute,18347.0,MWh,CENACE Información Operativa (diaria),https://www.cenace.gob.ec/info-operativa/InformacionOperativa.htm,2026-10-10T08:33:00-05:00
2026-10-07,Renovable,632.0,MWh,CENACE Información Operativa (diaria),https://www.cenace.gob.ec/info-operativa/InformacionOperativa.htm,2026-10-10T08:33:00-05:00
2026-10-07,San Francisco,2706.0,MWh,CENACE Información Operativa (diaria),https://www.cenace.gob.ec/info-operativa/InformacionOperativa.htm,2026-10-10T08:33:00-05:00
2026-10-07,Sopladora,9798.0,MWh,CENACE Información Operativa (diaria),https://www.cenace.gob.ec/info-operativa/InformacionOperativa.htm,2026-10-10T08:33:00-05:00
2026-10-07,TOTAL_hidraulica,78817.0,MWh,CENACE Información Operativa (diaria),https://www.cenace.gob.ec/info-operativa/InformacionOperativa.htm,2026-10-10T08:33:00-05:00
2026-10-07,TOTAL_renovable_no_conv,632.0,MWh,CENACE Información Operativa (diaria),https://www.cenace.gob.ec/info-operativa/InformacionOperativa.htm,2026-10-10T08:33:00-05:00
2026-10-07,TOTAL_termica,24110.0,MWh,CENACE Información Operativa (diaria),https://www.cenace.gob.ec/info-operativa/InformacionOperativa.htm,2026-10-10T08:33:00-05:00
2026-10-07,Térmica,21329.0,MWh,CENACE Información Operativa (diaria),https://www.cenace.gob.ec/info-operativa/InformacionOperativa.htm,2026-10-10T08:33:00-05:00
2026-10-07,exportacion,101.0,MWh,CENACE Información Operativa (diaria),https://www.cenace.gob.ec/info-operativa/InformacionOperativa.htm,2026-10-10T08:33:00-05:00
2026-10-07,importacion,148.0,MWh,CENACE Información Operativa (diaria),https://www.cenace.gob.ec/info-operativa/InformacionOperativa.htm,2026-10-10T08:33:00-05:00
2026-10-07,produccion_total,103708.0,MWh,CENACE Información Operativa (diaria),https://www.cenace.gob.ec/info-operativa/InformacionOperativa.htm,2026-10-10T08:33:00-05:00
2026-10-07,termica_max_MW_media_hora,1088.76,MW,CENACE Información Operativa (diaria),https://www.cenace.gob.ec/info-operativa/InformacionOperativa.htm,2026-10-10T08:33:00-05:00
