cota_desde,cota_hasta,area_hm3_por_m,perdida_m_dia,n_dias,r,volumen_util_acum_hm3,tipo
2098,2103,4.42571874725451,-0.09566728041903658,0,,22.12859373627255,"SUPUESTO (extrapolado, sin datos)"
2103,2108,4.42571874725451,-0.09566728041903658,0,,44.2571874725451,"SUPUESTO (extrapolado, sin datos)"
2108,2113,4.42571874725451,-0.09566728041903658,47,0.9259831794285033,66.38578120881765,ESTIMADO de datos (regresión Δcota vs caudal neto)
2113,2118,4.653135570531402,-0.07047201001488064,83,0.9565704741317005,89.65145906147467,ESTIMADO de datos (regresión Δcota vs caudal neto)
2118,2123,4.891740722133513,-0.10756345809448457,74,0.9287040657963936,114.11016267214224,ESTIMADO de datos (regresión Δcota vs caudal neto)
2123,2128,5.538099218632827,-0.1063588175520092,91,0.9184181073958968,141.80065876530637,ESTIMADO de datos (regresión Δcota vs caudal neto)
2128,2133,6.657800605973337,-0.10708203928579293,201,0.9123549100140004,175.08966179517304,ESTIMADO de datos (regresión Δcota vs caudal neto)
2133,2138,6.6819471289034285,-0.07274024576894637,121,0.9743247900592666,208.4993974396902,ESTIMADO de datos (regresión Δcota vs caudal neto)
2138,2143,7.677075335336869,-0.05901328984050795,165,0.9745637355854613,246.88477411637456,ESTIMADO de datos (regresión Δcota vs caudal neto)
2143,2148,7.765558639156188,-0.03615555272293544,159,0.9787808453352516,285.7125673121555,ESTIMADO de datos (regresión Δcota vs caudal neto)
2148,2153,9.611634132532506,-0.025767214692688757,130,0.9548757331977247,333.770737974818,ESTIMADO de datos (regresión Δcota vs caudal neto)
