escenario,fecha,cota_mazar,q7_m3s,exp30_m3s,prob_apagon
seco,2026-10-08,2130.29,40.7,39.2,0.2389
seco,2026-10-09,2129.81,39.3,39.3,0.2731
seco,2026-10-10,2129.31,38.3,39.8,0.3019
seco,2026-10-11,2128.78,34.1,40.1,0.3834
seco,2026-10-12,2128.22,33.6,40.1,0.4217
seco,2026-10-13,2127.65,33.4,40.1,0.4572
seco,2026-10-14,2126.94,34.2,40.1,0.4855
seco,2026-10-15,2126.2,32.2,39.3,0.5723
seco,2026-10-16,2125.43,30.2,38.8,0.6557
seco,2026-10-17,2124.63,28.3,37.7,0.7412
seco,2026-10-18,2123.8,26.3,37.0,0.81
seco,2026-10-19,2122.93,24.3,36.4,0.866
seco,2026-10-20,2121.93,22.3,36.5,0.9076
seco,2026-10-21,2120.91,20.3,36.4,0.9388
seco,2026-10-22,2119.85,18.4,36.7,0.9599
seco,2026-10-23,2118.79,16.8,37.0,0.9734
seco,2026-10-24,2117.74,15.5,36.8,0.9825
seco,2026-10-25,2116.68,14.6,36.7,0.9881
seco,2026-10-26,2115.62,13.9,36.4,0.9918
seco,2026-10-27,2114.55,13.5,36.0,0.9941
seco,2026-10-28,2114.07,13.2,35.8,0.9951
seco,2026-10-29,2113.58,13.2,35.6,0.9957
seco,2026-10-30,2113.09,13.0,35.4,0.9963
seco,2026-10-31,2112.58,12.7,35.3,0.9969
seco,2026-11-01,2112.02,12.4,35.1,0.9974
seco,2026-11-02,2111.46,12.1,34.9,0.9979
seco,2026-11-03,2110.89,11.7,34.7,0.9983
seco,2026-11-04,2110.32,11.5,34.7,0.9986
seco,2026-11-05,2109.75,11.2,34.7,0.9988
seco,2026-11-06,2109.18,11.0,34.7,0.999
seco,2026-11-07,2108.59,10.7,34.7,0.9992
seco,2026-11-08,2108.01,10.6,34.7,0.9993
seco,2026-11-09,2107.43,10.5,34.2,0.9994
seco,2026-11-10,2106.87,10.5,34.1,0.9995
seco,2026-11-11,2106.29,10.4,33.9,0.9996
seco,2026-11-12,2105.72,10.4,33.8,0.9996
seco,2026-11-13,2105.14,10.4,33.7,0.9997
seco,2026-11-14,2104.57,10.4,33.4,0.9997
seco,2026-11-15,2103.99,10.5,32.9,0.9998
seco,2026-11-16,2103.42,10.5,32.5,0.9998
seco,2026-11-17,2102.84,10.4,31.8,0.9998
seco,2026-11-18,2102.27,10.4,31.1,0.9999
seco,2026-11-19,2101.69,10.4,30.8,0.9999
seco,2026-11-20,2101.11,10.3,30.8,0.9999
seco,2026-11-21,2100.53,10.3,31.7,0.9999
normal,2026-10-08,2130.29,40.7,39.2,0.2389
normal,2026-10-09,2129.83,39.5,39.3,0.2702
normal,2026-10-10,2129.35,38.8,39.8,0.2936
normal,2026-10-11,2128.87,35.1,40.1,0.3629
normal,2026-10-12,2128.38,35.3,40.1,0.386
normal,2026-10-13,2127.88,36.0,40.1,0.4033
normal,2026-10-14,2127.3,37.9,40.1,0.4083
normal,2026-10-15,2126.71,37.3,39.3,0.462
normal,2026-10-16,2126.12,36.8,38.8,0.5113
normal,2026-10-17,2125.53,36.4,37.7,0.5701
normal,2026-10-18,2124.91,35.8,37.0,0.6234
normal,2026-10-19,2124.28,35.3,36.4,0.6727
normal,2026-10-20,2123.64,34.8,36.5,0.7099
normal,2026-10-21,2123.0,34.2,36.4,0.7477
normal,2026-10-22,2122.32,34.1,36.7,0.7746
normal,2026-10-23,2121.64,33.8,37.0,0.7999
normal,2026-10-24,2120.96,33.7,36.8,0.8266
normal,2026-10-25,2120.26,33.6,36.7,0.8503
normal,2026-10-26,2119.58,33.8,36.4,0.8703
normal,2026-10-27,2118.91,34.0,36.0,0.8878
normal,2026-10-28,2118.23,34.4,35.8,0.9014
normal,2026-10-29,2117.55,34.4,35.6,0.9153
normal,2026-10-30,2116.89,34.4,35.4,0.9273
normal,2026-10-31,2116.22,34.4,35.3,0.9376
normal,2026-11-01,2115.55,34.7,35.1,0.9458
normal,2026-11-02,2114.88,34.6,34.9,0.9537
normal,2026-11-03,2114.8,34.6,34.7,0.9552
normal,2026-11-04,2114.72,34.6,34.7,0.9561
normal,2026-11-05,2114.59,34.2,34.7,0.9583
normal,2026-11-06,2114.45,33.7,34.7,0.9608
normal,2026-11-07,2114.31,33.2,34.7,0.9632
normal,2026-11-08,2114.17,32.7,34.7,0.9654
normal,2026-11-09,2114.03,32.3,34.2,0.9687
normal,2026-11-10,2113.91,32.0,34.1,0.9703
normal,2026-11-11,2113.81,31.8,33.9,0.9718
normal,2026-11-12,2113.7,32.0,33.8,0.9723
normal,2026-11-13,2113.6,32.2,33.7,0.9727
normal,2026-11-14,2113.48,32.4,33.4,0.9736
normal,2026-11-15,2113.34,32.4,32.9,0.9754
normal,2026-11-16,2113.18,32.2,32.5,0.9773
normal,2026-11-17,2113.02,31.9,31.8,0.9796
normal,2026-11-18,2112.85,31.5,31.1,0.982
normal,2026-11-19,2112.65,30.9,30.8,0.9838
normal,2026-11-20,2112.43,30.2,30.8,0.9854
normal,2026-11-21,2112.21,29.7,31.7,0.9856
humedo,2026-10-08,2130.29,40.7,39.2,0.2389
humedo,2026-10-09,2129.86,39.9,39.3,0.2642
humedo,2026-10-10,2129.48,40.2,39.8,0.2718
humedo,2026-10-11,2129.13,38.0,40.1,0.311
humedo,2026-10-12,2128.81,40.0,40.1,0.3014
humedo,2026-10-13,2128.52,43.0,40.1,0.2819
humedo,2026-10-14,2128.26,47.6,40.1,0.2493
humedo,2026-10-15,2128.04,50.2,39.3,0.2456
humedo,2026-10-16,2127.89,53.1,38.8,0.2354
humedo,2026-10-17,2127.8,56.4,37.7,0.2286
humedo,2026-10-18,2127.76,59.7,37.0,0.2161
humedo,2026-10-19,2127.77,63.1,36.4,0.2014
humedo,2026-10-20,2127.83,66.7,36.5,0.1796
humedo,2026-10-21,2127.96,70.5,36.4,0.159
humedo,2026-10-22,2128.17,74.7,36.7,0.1345
humedo,2026-10-23,2128.34,78.2,37.0,0.1167
humedo,2026-10-24,2128.5,81.0,36.8,0.1065
humedo,2026-10-25,2128.66,83.4,36.7,0.0977
humedo,2026-10-26,2128.82,85.3,36.4,0.0922
humedo,2026-10-27,2128.98,86.7,36.0,0.0884
humedo,2026-10-28,2129.14,87.5,35.8,0.0849
humedo,2026-10-29,2129.31,87.5,35.6,0.0829
humedo,2026-10-30,2129.45,87.3,35.4,0.0819
humedo,2026-10-31,2129.57,86.8,35.3,0.0816
humedo,2026-11-01,2129.75,87.0,35.1,0.079
humedo,2026-11-02,2129.94,87.3,34.9,0.076
humedo,2026-11-03,2130.14,87.7,34.7,0.0732
humedo,2026-11-04,2130.33,88.1,34.7,0.0697
humedo,2026-11-05,2130.53,88.4,34.7,0.0662
humedo,2026-11-06,2130.7,88.8,34.7,0.0633
humedo,2026-11-07,2130.85,89.1,34.7,0.0608
humedo,2026-11-08,2131.0,88.9,34.7,0.0593
humedo,2026-11-09,2131.13,88.1,34.2,0.0609
humedo,2026-11-10,2131.24,87.1,34.1,0.0611
humedo,2026-11-11,2131.34,86.1,33.9,0.0622
humedo,2026-11-12,2131.45,85.2,33.8,0.0627
humedo,2026-11-13,2131.55,84.4,33.7,0.0631
humedo,2026-11-14,2131.66,83.9,33.4,0.0635
humedo,2026-11-15,2131.76,83.3,32.9,0.0652
humedo,2026-11-16,2131.85,82.9,32.5,0.0669
humedo,2026-11-17,2131.93,82.6,31.8,0.0695
humedo,2026-11-18,2132.01,82.3,31.1,0.0724
humedo,2026-11-19,2132.08,81.9,30.8,0.0736
humedo,2026-11-20,2132.12,81.2,30.8,0.0747
humedo,2026-11-21,2132.14,80.3,31.7,0.0711
actual,2026-10-08,2130.29,40.7,39.2,0.2389
actual,2026-10-09,2129.83,39.6,39.3,0.2691
actual,2026-10-10,2129.38,39.1,39.8,0.2886
actual,2026-10-11,2128.93,35.8,40.1,0.3508
actual,2026-10-12,2128.47,36.4,40.1,0.3659
actual,2026-10-13,2128.02,37.6,40.1,0.3732
actual,2026-10-14,2127.57,40.0,40.1,0.3649
actual,2026-10-15,2127.04,40.0,39.3,0.405
actual,2026-10-16,2126.52,40.0,38.8,0.4428
actual,2026-10-17,2125.99,40.0,37.7,0.4914
actual,2026-10-18,2125.47,40.0,37.0,0.5323
actual,2026-10-19,2124.94,40.0,36.4,0.5722
actual,2026-10-20,2124.42,40.0,36.5,0.5999
actual,2026-10-21,2123.89,40.0,36.4,0.6306
actual,2026-10-22,2123.37,40.0,36.7,0.6535
actual,2026-10-23,2122.84,40.0,37.0,0.6762
actual,2026-10-24,2122.26,40.0,36.8,0.7071
actual,2026-10-25,2121.68,40.0,36.7,0.7351
actual,2026-10-26,2121.1,40.0,36.4,0.7642
actual,2026-10-27,2120.51,40.0,36.0,0.7923
actual,2026-10-28,2119.93,40.0,35.8,0.8151
actual,2026-10-29,2119.35,40.0,35.6,0.8362
actual,2026-10-30,2118.77,40.0,35.4,0.8555
actual,2026-10-31,2118.19,40.0,35.3,0.8724
actual,2026-11-01,2117.6,40.0,35.1,0.8879
actual,2026-11-02,2117.04,40.0,34.9,0.901
actual,2026-11-03,2116.47,40.0,34.7,0.9133
actual,2026-11-04,2115.9,40.0,34.7,0.9231
actual,2026-11-05,2115.33,40.0,34.7,0.9319
actual,2026-11-06,2114.76,40.0,34.7,0.9398
actual,2026-11-07,2114.78,40.0,34.7,0.9395
actual,2026-11-08,2114.8,40.0,34.7,0.9392
actual,2026-11-09,2114.82,40.0,34.2,0.9412
actual,2026-11-10,2114.85,40.0,34.1,0.9411
actual,2026-11-11,2114.87,40.0,33.9,0.9417
actual,2026-11-12,2114.89,40.0,33.8,0.9419
actual,2026-11-13,2114.91,40.0,33.7,0.9422
actual,2026-11-14,2114.93,40.0,33.4,0.9429
actual,2026-11-15,2114.96,40.0,32.9,0.9446
actual,2026-11-16,2114.98,40.0,32.5,0.9462
actual,2026-11-17,2115.0,40.0,31.8,0.9485
actual,2026-11-18,2115.02,40.0,31.1,0.9509
actual,2026-11-19,2114.45,40.0,30.8,0.9576
actual,2026-11-20,2114.47,40.0,30.8,0.9577
actual,2026-11-21,2114.49,40.0,31.7,0.9543
